[
  {
    "id": 1,
    "imgUrl": "https://multimedia.bbycastatic.ca/multimedia/products/250x250/147/14763/14763270.jpg",
    "title": "Acer 31.5'' FHD 165Hz 1ms GTG Curved VA LED FreeSync Gaming Monitor (ED320QR Sbiipx) - Black",
    "rate": "⭐⭐⭐⭐ (62 Reviews)",
    "top": "",
    "price": "399.99",
    "save": "",
    "end": "Available to ship",
    "brand": "Acer"
  },

  {
    "id": 2,
    "imgUrl": "https://multimedia.bbycastatic.ca/multimedia/products/250x250/157/15743/15743202.jpg",
    "title": "Acer Spin 13.3'' Touchscreen 2-in-1 Laptop - Silver (Intel Evo i5-1135G7/512GB SSD/8GB RAM/Windows 11)",
    "rate": "⭐⭐⭐⭐ (3 Reviews)",
    "top": "Top Deal",
    "price": "899.99",
    "save": "SAVE $300",
    "end": "Available to ship",
    "brand": "Acer"
  },
  {
    "id": 3,
    "imgUrl": "https://multimedia.bbycastatic.ca/multimedia/products/150x150/160/16001/16001654.jpg",
    "title": "Acer Aspire TC Desktop PC (Intel Core-i5 12400/256GB SSD/8GB RAM/Windows 11)",
    "rate": "⭐⭐⭐⭐⭐ (2 Reviews)",
    "top": "Top Deal",
    "price": "599.99",
    "save": "SAVE $200",
    "end": "Available to ship",
    "brand": "Acer"
  },
  {
    "id": 4,
    "imgUrl": "https://multimedia.bbycastatic.ca/multimedia/products/250x250/154/15459/15459253.jpg",
    "title": "Acer Nitro 50 Gaming PC (Intel Core i5-11400F/1TB SSD/12GB RAM/GTX 1650)",
    "rate": "⭐⭐⭐(34 Reviews)",
    "top": "",
    "price": "969.99",
    "save": "SAVE $230",
    "end": "Available to ship",
    "brand": "Acer"
  },
  {
    "id": 5,
    "imgUrl": "https://multimedia.bbycastatic.ca/multimedia/products/250x250/157/15795/15795309.jpg",
    "title": "Acer Aspire 5 15.6'' Laptop - Silver (Intel Core i5-1135G7/512GB SSD/8GB RAM/Windows 11)",
    "rate": "⭐⭐⭐⭐⭐ (3 Reviews)",
    "top": "",
    "price": "849.99",
    "save": "",
    "end": "Available to ship",
    "brand": "Acer"
  },
  {
    "id": 6,
    "imgUrl": "https://multimedia.bbycastatic.ca/multimedia/products/250x250/154/15459/15459250.jpg",
    "title": "Acer Nitro 50 Gaming PC (Intel Core i5-11400F/1TB HDD/512GB SSD/16GB RAM/RTX 3060)",
    "rate": "⭐⭐⭐⭐ (13 Reviews)",
    "top": "Top Deal",
    "price": "1,199.99",
    "save": "SAVE $400",
    "end": "Available to ship",
    "brand": "Acer"
  },
  {
    "id": 7,
    "imgUrl": "https://multimedia.bbycastatic.ca/multimedia/products/250x250/129/12946/12946745.jpg",
    "title": "Acer 23.8'' FHD 75Hz 4ms GTG IPS LED FreeSync Gaming Monitor (SA240Y) - Black",
    "rate": "⭐⭐⭐ (61 Reviews)",
    "top": "Top Deal",
    "price": "159.99",
    "save": "SAVE $40",
    "end": "Available to ship",
    "brand": "Acer"
  },
  {
    "id": 8,
    "imgUrl": "https://multimedia.bbycastatic.ca/multimedia/products/250x250/160/16011/16011733.jpg",
    "title": "Acer Aspire 3 14'' Laptop - Silver (Intel Pentium N6000/128GB SSD/8GB RAM/Windows 11 S)",
    "rate": "⭐⭐⭐⭐ (1 Reviews)",
    "top": "Top Deal",
    "price": "399.99",
    "save": "SAVE $100",
    "end": "Available to ship",
    "brand": "Acer"
  },
  {
    "id": 9,
    "imgUrl": "https://multimedia.bbycastatic.ca/multimedia/products/250x250/157/15743/15743192.jpg",
    "title": "Acer Aspire 5 15.6'' Laptop - Silver (AMD Ryzen 5 5500U/512GB SSD/12GB RAM/Windows 11)",
    "rate": "⭐⭐⭐⭐⭐ (3 Reviews)",
    "top": "",
    "price": "769.99",
    "save": "SAVE $130",
    "end": "Available to ship",
    "brand": "Acer"
  },
  {
    "id": 10,
    "imgUrl": "https://multimedia.bbycastatic.ca/multimedia/products/250x250/157/15743/15743200.jpg",
    "title": "Acer Nitro 5 15.6'' Gaming Laptop - Black (Intel Core i5-10300H/512GB SSD/12GB RAM/GTX 1650/Windows 11)",
    "rate": "⭐⭐⭐⭐⭐ (2 Reviews)",
    "top": "",
    "price": "1,099.99",
    "save": "",
    "end": "Available to ship",
    "brand": "Acer"
  },
  {
    "id": 11,
    "imgUrl": "https://multimedia.bbycastatic.ca/multimedia/products/250x250/157/15743/15743201.jpg",
    "title": "Acer 15.6'' Gaming Laptop - Black (Intel Core i7-11800H/512GB SSD/16GB RAM/GeForce RTX 3050/Windows 11)",
    "rate": "⭐⭐⭐⭐ (3 Reviews)",
    "top": "",
    "price": "1,199.99",
    "save": "SAVE $400",
    "end": "Available to ship",
    "brand": "Acer"
  },
  {
    "id": 12,
    "imgUrl": "https://multimedia.bbycastatic.ca/multimedia/products/250x250/156/15650/15650428.jpg",
    "title": "Acer 27'' FHD 75Hz 1ms GTG IPS LED FreeSync Gaming Monitor (KA272) - Black",
    "rate": "⭐⭐⭐⭐ (1308 Reviews)",
    "top": "",
    "price": "279.99",
    "save": "",
    "end": "Available to ship",
    "brand": "Acer"
  },
  {
    "id": 13,
    "imgUrl": "https://multimedia.bbycastatic.ca/multimedia/products/250x250/157/15732/15732099.jpg",
    "title": "Acer Gaming PC (Intel Core i7-11700F/1TB HDD/16GB RAM/GeForce RTX 3070/Windows 10)",
    "rate": "⭐⭐⭐ (22 Reviews)",
    "top": "",
    "price": "1,199.95",
    "save": "SAVE $300",
    "end": "Available to ship",
    "brand": "Acer"
  },
  {
    "id": 14,
    "imgUrl": "https://multimedia.bbycastatic.ca/multimedia/products/250x250/160/16001/16001655.jpg",
    "title": "Acer Aspire TC-1760-EB13 Desktop PC (Intel Ci5 12400/512GB SSD/12GB RAM/Win 11)",
    "rate": "",
    "top": "Top Deal",
    "price": "729.99",
    "save": "SAVE $170",
    "end": "Available to ship",
    "brand": "Acer"
  },
  {
    "id": 15,
    "imgUrl": "https://multimedia.bbycastatic.ca/multimedia/products/250x250/156/15646/15646134.jpg",
    "title": "Acer Aspire 3 15.6'' Laptop - Black (AMD A4-9120e/128GB SSD/4GB RAM/Windows 10 S) - Open Box",
    "rate": "",
    "top": "",
    "price": "249.99",
    "save": "SAVE $90",
    "end": "Available to ship",
    "brand": "Acer"
  },
  {
    "id": 16,
    "imgUrl": "https://multimedia.bbycastatic.ca/multimedia/products/250x250/157/15795/15795308.jpg",
    "title": "Acer Nitro 5 15.6'' Laptop - Black (Intel Ci5-10300H/512GB SSD/8GB RAM/GeForce GTX 1650/Windows 11)",
    "rate": "⭐⭐⭐⭐ (5 Reviews)",
    "top": "Top Deal",
    "price": "849.99",
    "save": "SAVE $150",
    "end": "Available to ship",
    "brand": "Acer"
  },
  {
    "id": 17,
    "imgUrl": "https://multimedia.bbycastatic.ca/multimedia/products/250x250/154/15459/15459252.jpg",
    "title": "Acer Predator Orion 3000 Gaming PC (Intel Ci7-11700F/1TB SSD/16GB RAM/Nvidia RTX 3060Ti/Windows 10)",
    "rate": "⭐⭐⭐⭐ (37 Reviews)",
    "top": "1,699.95",
    "price": "300",
    "save": "",
    "end": "Sold out online",
    "brand": "Acer"
  },
  {
    "id": 18,
    "imgUrl": "https://multimedia.bbycastatic.ca/multimedia/products/250x250/156/15650/15650440.jpg",
    "title": "Acer Nitro 27'' 1440p WQHD 144Hz 1ms GTG IPS LED FreeSync Gaming Monitor (VG270U) - Black",
    "rate": "⭐⭐⭐⭐ (7 Reviews)",
    "top": "Top Deal",
    "price": "349.99",
    "save": "SAVE $50",
    "end": "Available to ship",
    "brand": "Acer"
  },
  {
    "id": 19,
    "imgUrl": "https://multimedia.bbycastatic.ca/multimedia/products/250x250/156/15650/15650425.jpg",
    "title": "Acer 31.5'' 1440p WQHD 165Hz 1ms GTG Curved VA LED FreeSync Gaming Monitor (EI322QUR) - Black",
    "rate": "⭐⭐⭐ (6 Reviews)",
    "top": "",
    "price": "499.99",
    "save": "",
    "end": "Available to ship",
    "brand": "Acer"
  },
  {
    "id": 20,
    "imgUrl": "https://multimedia.bbycastatic.ca/multimedia/products/250x250/147/14742/14742355.jpg",
    "title": "Acer Spin 11.6'' Touchscreen 2-in-1 Chromebook - Silver (MediaTek M8183/64GB eMMC/4GB RAM/Chrome OS)",
    "rate": "⭐⭐⭐⭐ (59 Reviews)",
    "top": "Top Deal",
    "price": "299",
    "save": "",
    "end": "Available to ship",
    "brand": "Acer"
  }
]
