[
    {
        "id":1,
        "imgUrl": "https://multimedia.bbycastatic.ca/multimedia/products/250x250/160/16003/16003180.jpg",
        "title": "Rogers Apple iPhone 13 128GB - Green - Monthly Financing",
        "rate":"",
        "price":"32.09",
        "p1":"Start activation online",
        "p2":"Sold in stores",
        "brand":"iphone"
      },
      {
        "id":2,
        "imgUrl": "https://multimedia.bbycastatic.ca/multimedia/products/250x250/160/16003/16003178.jpg",
        "title": "Rogers Apple iPhone 13 Pro 128GB - Alpine Green - Monthly Financing",
        "rate":"⭐⭐⭐⭐ (1 Reviews)",
        "price":"59.92",
        "p1":"Start activation online",
        "p2":"Sold in stores",
        "brand":"iphone"
      },
      {
        "id":3,
        "imgUrl": "https://multimedia.bbycastatic.ca/multimedia/products/250x250/160/16003/16003204.jpg",
        "title": "TELUS Apple iPhone 13 Pro 128GB - Alpine Green - Monthly Financing",
        "rate":"",
        "price":"59.92",
        "p1":"Start activation online",
        "p2":"Sold in stores",
        "brand":"iphone"
      },
      {
        "id":4,
        "imgUrl": "https://multimedia.bbycastatic.ca/multimedia/products/250x250/160/16003/16003193.jpg",
        "title": "Koodo Apple iPhone 13 128GB - Green - Monthly Tab Payment",
        "rate":"",
        "price":"32.00",
        "p1":"Start activation online",
        "p2":"Sold in stores",
        "brand":"iphone"
      },
      {
        "id":5,
        "imgUrl": "https://multimedia.bbycastatic.ca/multimedia/products/250x250/157/15727/15727231.jpg",
        "title": "Fido Apple iPhone 13 128GB - Pink - Monthly Financing",
        "rate":"",
        "price":"32.09",
        "p1":"Start activation online",
        "p2":"Sold in stores",
        "brand":"iphone"
      },
      {
        "id":6,
        "imgUrl": "https://multimedia.bbycastatic.ca/multimedia/products/250x250/160/16003/16003150.jpg",
        "title": "Bell Apple iPhone 13 Pro Max 128GB - Alpine Green - Monthly Financing",
        "rate":"",
        "price":"66.38",
        "p1":"Start activation online",
        "p2":"Sold in stores",
        "brand":"iphone"
      },
      {
        "id":7,
        "imgUrl": "https://multimedia.bbycastatic.ca/multimedia/products/250x250/157/15727/15727261.jpg",
        "title": "Rogers Apple iPhone 13 Pro Max 128GB - Sierra Blue - Monthly Financing",
        "rate":"",
        "price":"66.38",
        "p1":"Start activation online",
        "p2":"Sold in stores",
        "brand":"iphone"
      },
      {
        "id":8,
        "imgUrl": "https://multimedia.bbycastatic.ca/multimedia/products/250x250/160/16003/16003165.jpg",
        "title": "Fido Apple iPhone 13 Pro 128GB - Alpine Green - Monthly Financing",
        "rate":"",
        "price":"33.34",
        "p1":"Start activation online",
        "p2":"Sold in stores",
        "brand":"iphone"
      },

      {
        "id":9,
        "imgUrl": "https://multimedia.bbycastatic.ca/multimedia/products/250x250/160/16003/16003167.jpg",
        "title": "Fido Apple iPhone 13 128GB - Green - Monthly Financing",
        "rate":"",
        "price":"32.09",
        "p1":"Start activation online",
        "p2":"Sold in stores",
        "brand":"iphone"
      },
      {
        "id":10,
        "imgUrl": "https://multimedia.bbycastatic.ca/multimedia/products/250x250/160/16003/16003206.jpg",
        "title": "TELUS Apple iPhone 13 128GB - Green - Monthly Financing",
        "rate":"",
        "price":"32.08",
        "p1":"Start activation online",
        "p2":"Sold in stores",
        "brand":"iphone"
      },
      {
        "id":11,
        "imgUrl": "https://multimedia.bbycastatic.ca/multimedia/products/250x250/160/16003/16003154.jpg",
        "title": "Bell Apple iPhone 13 128GB - Green - Monthly Financing",
        "rate":"",
        "price":"32.12",
        "p1":"Start activation online",
        "p2":"Sold in stores",
        "brand":"iphone"
      },
      {
        "id":12,
        "imgUrl": "https://multimedia.bbycastatic.ca/multimedia/products/250x250/160/16003/16003128.jpg",
        "title": "Freedom Mobile Apple iPhone 13 128GB - Green - Monthly Tab Payment",
        "rate":"⭐⭐⭐⭐ (1 Reviews)",
        "price":"31.13",
        "p1":"Start activation online",
        "p2":"Sold in stores",
        "brand":"iphone"
      },
      {
        "id":13,
        "imgUrl": "https://multimedia.bbycastatic.ca/multimedia/products/250x250/157/15727/15727199.jpg",
        "title": "Fido Apple iPhone 13 Pro Max 128GB - Sierra Blue - Monthly Financing",
        "rate":"",
        "price":"33.34",
        "p1":"Start activation online",
        "p2":"Sold in stores",
        "brand":"iphone"
      },
      {
        "id":14,
        "imgUrl": "https://multimedia.bbycastatic.ca/multimedia/products/250x250/160/16003/16003152.jpg",
        "title": "Bell Apple iPhone 13 Pro 128GB - Alpine Green - Monthly Financing",
        "rate":"",
        "price":"59.94",
        "p1":"Start activation online",
        "p2":"Sold in stores",
        "brand":"iphone"
      },
      {
        "id":15,
        "imgUrl": "https://multimedia.bbycastatic.ca/multimedia/products/250x250/160/16003/16003126.jpg",
        "title": "Freedom Mobile Apple iPhone 13 Pro 128GB - Alpine Green - Monthly Tab Payment",
        "rate":"",
        "price":"43.00",
        "p1":"Start activation online",
        "p2":"Sold in stores",
        "brand":"iphone"
      },
      {
        "id":16,
        "imgUrl": "https://multimedia.bbycastatic.ca/multimedia/products/250x250/160/16003/16003191.jpg",
        "title": "Koodo Apple iPhone 13 Pro 128GB - Alpine Green - Monthly Tab Payment",
        "rate":"",
        "price":"33.00",
        "p1":"Start activation online",
        "p2":"Sold in stores",
        "brand":"iphone"
      },
      
      {
        "id":17,
        "imgUrl": "https://multimedia.bbycastatic.ca/multimedia/products/500x500/160/16003/16003141.jpg",
        "title": "Virgin Plus Apple iPhone 13 128GB - Green - Monthly Financing",
        "rate":"",
        "price":"32.12",
        "p1":"Start activation online",
        "p2":"Sold in stores",
        "brand":"iphone"
      },
      {
        "id":18,
        "imgUrl": "https://multimedia.bbycastatic.ca/multimedia/products/250x250/160/16003/16003177.jpg",
        "title": "Rogers Apple iPhone 13 Pro 256GB - Alpine Green - Monthly Financing",
        "rate":"",
        "price":"65.96",
        "p1":"Start activation online",
        "p2":"Sold in stores",
        "brand":"iphone"
      },
      {
        "id":19,
        "imgUrl": "https://multimedia.bbycastatic.ca/multimedia/products/250x250/160/16003/16003139.jpg",
        "title": "Virgin Plus Apple iPhone 13 Pro 128GB - Alpine Green - Monthly Financing",
        "rate":"",
        "price":"33.96",
        "p1":"Start activation online",
        "p2":"Sold in stores",
        "brand":"iphone"
      },
      {
        "id":20,
        "imgUrl": "https://multimedia.bbycastatic.ca/multimedia/products/250x250/149/14932/14932164.jpg",
        "title": "Virgin Plus Apple iPhone 12 64GB - PRODUCT(RED) - Monthly Financing",
        "rate":"",
        "price":"25.68",
        "p1":"Start activation online",
        "p2":"Sold in stores",
        "brand":"iphone"
      }

]