[
    {
        "id":1,
        "imgUrl": "https://multimedia.bbycastatic.ca/multimedia/products/250x250/149/14923/14923941.jpg",
        "title": "Blink outdoor Wire -Free !080p IP Security Camera System- 3 pack- Black",
        "rate":"⭐⭐⭐⭐",
        "review":"(1628 Reviews)",
        "top":"Top Deal",
        "save":"SAVE $115",
        "price":"214.99"
      },
      {
        "id":2,
        "imgUrl": "https://multimedia.bbycastatic.ca/multimedia/products/250x250/157/15748/15748026.jpg",
        "title": "Philips Hue A19 Smart Light Stater kit w/ Hub & Dimmer -3 -Pack",
        "rate":"⭐⭐⭐⭐",
        "review":"(1258 Reviews)",
        "top":"Top Deal",
        "save":"SAVE $90",
        "price":"159.99"
      },
      {
        "id":3,
        "imgUrl": "https://multimedia.bbycastatic.ca/multimedia/products/250x250/153/15303/15303234.jpg",
        "title": "Google Nest Hub (2nd Gen) Smart Display with google Assistant - Chalk",
        "rate":"⭐⭐⭐⭐",
        "review":"(236 Reviews)",
        "top":"Top Deal",
        "save":"SAVE $35",
        "price":"64.99"
      },
      {
        "id":4,
        "imgUrl": "https://multimedia.bbycastatic.ca/multimedia/products/250x250/122/12222/12222651.jpg",
        "title": "Google Nest (Wired) Wi-Fi Video Doorbell - Black/White",
        "rate":"⭐⭐⭐⭐⭐",
        "review":"(8778 Reviews)",
        "top":"Top Deal",
        "save":"SAVE $80",
        "price":"218.99"
      },
      {
        "id":5,
        "imgUrl": "https://multimedia.bbycastatic.ca/multimedia/products/250x250/156/15621/15621549.jpg",
        "title": "Google Nest Cam Wire-Free Indoor/Outdoor Security Camera",
        "rate":"⭐⭐⭐⭐",
        "review":"(627 Reviews)",
        "top":"Top Deal",
        "save":"SAVE $50",
        "price":"339.99"
      },
      {
        "id":6,
        "imgUrl": "https://multimedia.bbycastatic.ca/multimedia/products/250x250/152/15237/15237362.jpg",
        "title": "Apple HomePod mini- Space Grey - Opened Box",
        "rate":"",
        "review":"(0 Reviews)",
        "top":"Top Deal",
        "save":"SAVE $21",
        "price":"78.99"
      },
      {
        "id":7,
        "imgUrl": "https://multimedia.bbycastatic.ca/multimedia/products/250x250/152/15299/15299145.jpg",
        "title": "Ring Wigred wi-Fi Video Doorbell - Black",
        "rate":"⭐⭐⭐⭐⭐",
        "review":"(793 Reviews)",
        "top":"Top Deal",
        "save":"SAVE $17",
        "price":"67.99"
      },
      {
        "id":8,
        "imgUrl": "https://multimedia.bbycastatic.ca/multimedia/products/250x250/145/14548/14548390.jpg",
        "title": "Ring Alaram 8-Piece Security Kit (2nd Gen) - English",
        "rate":"⭐⭐⭐⭐",
        "review":"(661 Reviews)",
        "top":"Top Deal",
        "save":"SAVE $75",
        "price":"254.99"
      },
      {
        "id":9,
        "imgUrl": "https://multimedia.bbycastatic.ca/multimedia/products/250x250/149/14966/14966507.jpg",
        "title": "Amzon Echo (4th Gen) Smart Home Hub with Alexa - Charcoal",
        "rate":"⭐⭐⭐⭐⭐",
        "review":"978( Reviews)",
        "top":"Top Deal",
        "save":"SAVE $5",
        "price":"94.99"
      },
      {
        "id":10,
        "imgUrl": "https://multimedia.bbycastatic.ca/multimedia/products/250x250/149/14931/14931829.jpg",
        "title": "Lenovo Smart Clock Essential with Google Assistant - Grey Cloth",
        "rate":"⭐⭐⭐⭐",
        "review":"(2303 Reviews)",
        "top":"",
        "save":"SAVE $80",
        "price":"399.99"
      }
     
      
]